-- Employee Promotion Database System
-- File: 02-seed-data.sql
-- Purpose: Load a fully synthetic demonstration dataset.
-- All names, emails, companies, identifiers, and credentials in this file are fictional.
-- Run this file immediately after 01-schema.sql.

USE firms;

START TRANSACTION;

INSERT INTO etairia (AFM, DOY, name, tel, street, num, city, country) VALUES
    ('100000001', 'DEMO01', 'Acme Analytics', '2100000001', 'Demo Street', 1, 'Athens', 'Greece'),
    ('100000002', 'DEMO02', 'BlueWave Software', '2100000002', 'Sample Avenue', 2, 'Patras', 'Greece'),
    ('100000003', 'DEMO03', 'CloudPeak Systems', '2100000003', 'Example Road', 3, 'Thessaloniki', 'Greece'),
    ('100000004', 'DEMO04', 'DataBridge Consulting', '2100000004', 'Test Lane', 4, 'Athens', 'Greece'),
    ('100000005', 'DEMO05', 'EcoLogic Labs', '2100000005', 'Prototype Street', 5, 'Heraklion', 'Greece'),
    ('100000006', 'DEMO06', 'FutureWorks Group', '2100000006', 'Mockup Avenue', 6, 'Patras', 'Greece'),
    ('100000007', 'DEMO07', 'GridLine Technologies', '2100000007', 'Scenario Road', 7, 'Larissa', 'Greece'),
    ('100000008', 'DEMO08', 'Helix Research', '2100000008', 'Dataset Lane', 8, 'Ioannina', 'Greece'),
    ('100000009', 'DEMO09', 'Ionian Digital', '2100000009', 'Portfolio Street', 9, 'Corfu', 'Greece');

INSERT INTO `user` (username, password, name, lastname, reg_date, email) VALUES
    ('emp01', 'demo-password', 'Alex', 'Morgan', '2024-01-01 09:00:00', 'emp01@example.com'),
    ('emp02', 'demo-password', 'Jamie', 'Taylor', '2024-01-02 09:00:00', 'emp02@example.com'),
    ('emp03', 'demo-password', 'Casey', 'Jordan', '2024-01-03 09:00:00', 'emp03@example.com'),
    ('emp04', 'demo-password', 'Riley', 'Parker', '2024-01-04 09:00:00', 'emp04@example.com'),
    ('emp05', 'demo-password', 'Avery', 'Cameron', '2024-01-05 09:00:00', 'emp05@example.com'),
    ('emp06', 'demo-password', 'Quinn', 'Reed', '2024-01-06 09:00:00', 'emp06@example.com'),
    ('emp07', 'demo-password', 'Jordan', 'Blake', '2024-01-07 09:00:00', 'emp07@example.com'),
    ('emp08', 'demo-password', 'Morgan', 'Hayes', '2024-01-08 09:00:00', 'emp08@example.com'),
    ('emp09', 'demo-password', 'Taylor', 'Drew', '2024-01-09 09:00:00', 'emp09@example.com'),
    ('emp10', 'demo-password', 'Cameron', 'Lee', '2024-01-10 09:00:00', 'emp10@example.com'),
    ('emp11', 'demo-password', 'Robin', 'Shaw', '2024-01-11 09:00:00', 'emp11@example.com'),
    ('emp12', 'demo-password', 'Drew', 'Bailey', '2024-01-12 09:00:00', 'emp12@example.com'),
    ('emp13', 'demo-password', 'Skyler', 'Lane', '2024-01-13 09:00:00', 'emp13@example.com'),
    ('emp14', 'demo-password', 'Reese', 'Finley', '2024-01-14 09:00:00', 'emp14@example.com'),
    ('emp15', 'demo-password', 'Rowan', 'Ellis', '2024-01-15 09:00:00', 'emp15@example.com'),
    ('emp16', 'demo-password', 'Peyton', 'Gray', '2024-01-16 09:00:00', 'emp16@example.com'),
    ('emp17', 'demo-password', 'Dakota', 'Bell', '2024-01-17 09:00:00', 'emp17@example.com'),
    ('emp18', 'demo-password', 'Emerson', 'Stone', '2024-01-18 09:00:00', 'emp18@example.com'),
    ('eval01', 'demo-password', 'Eva', 'North', '2024-01-19 09:00:00', 'eval01@example.com'),
    ('eval02', 'demo-password', 'Evan', 'South', '2024-01-20 09:00:00', 'eval02@example.com'),
    ('eval03', 'demo-password', 'Mia', 'West', '2024-01-21 09:00:00', 'eval03@example.com'),
    ('eval04', 'demo-password', 'Noah', 'East', '2024-01-22 09:00:00', 'eval04@example.com'),
    ('eval05', 'demo-password', 'Lena', 'Field', '2024-01-23 09:00:00', 'eval05@example.com'),
    ('eval06', 'demo-password', 'Leo', 'Brook', '2024-01-24 09:00:00', 'eval06@example.com'),
    ('eval07', 'demo-password', 'Nora', 'Hill', '2024-01-25 09:00:00', 'eval07@example.com'),
    ('eval08', 'demo-password', 'Owen', 'Lake', '2024-01-26 09:00:00', 'eval08@example.com'),
    ('eval09', 'demo-password', 'Iris', 'Wood', '2024-01-27 09:00:00', 'eval09@example.com'),
    ('eval10', 'demo-password', 'Ian', 'Vale', '2024-01-28 09:00:00', 'eval10@example.com'),
    ('eval11', 'demo-password', 'Maya', 'Cole', '2024-01-01 09:00:00', 'eval11@example.com'),
    ('eval12', 'demo-password', 'Milo', 'Dean', '2024-01-02 09:00:00', 'eval12@example.com'),
    ('eval13', 'demo-password', 'Nina', 'Ford', '2024-01-03 09:00:00', 'eval13@example.com'),
    ('eval14', 'demo-password', 'Nico', 'Hart', '2024-01-04 09:00:00', 'eval14@example.com'),
    ('eval15', 'demo-password', 'Sara', 'King', '2024-01-05 09:00:00', 'eval15@example.com'),
    ('eval16', 'demo-password', 'Sam', 'Long', '2024-01-06 09:00:00', 'eval16@example.com'),
    ('eval17', 'demo-password', 'Tara', 'Moon', '2024-01-07 09:00:00', 'eval17@example.com'),
    ('eval18', 'demo-password', 'Theo', 'Page', '2024-01-08 09:00:00', 'eval18@example.com'),
    ('dba01', 'demo-password', 'Demo', 'Administrator', '2024-01-09 09:00:00', 'dba01@example.com'),
    ('dba02', 'demo-password', 'Backup', 'Administrator', '2024-01-10 09:00:00', 'dba02@example.com');

INSERT INTO employee (username, bio, sistatikes, certificates) VALUES
    ('emp01', 'Software engineer with Python and automation experience.', 'emp01-references.pdf', 'emp01-certificates.pdf'),
    ('emp02', 'Web developer focused on accessible front-end applications.', 'emp02-references.pdf', 'emp02-certificates.pdf'),
    ('emp03', 'Research assistant with physics and numerical modelling experience.', 'emp03-references.pdf', 'emp03-certificates.pdf'),
    ('emp04', 'Database developer experienced in relational modelling and SQL.', 'emp04-references.pdf', 'emp04-certificates.pdf'),
    ('emp05', 'Business analyst focused on process improvement and reporting.', 'emp05-references.pdf', 'emp05-certificates.pdf'),
    ('emp06', 'Machine-learning practitioner with data preparation experience.', 'emp06-references.pdf', 'emp06-certificates.pdf'),
    ('emp07', 'Backend developer experienced in Java and REST services.', 'emp07-references.pdf', 'emp07-certificates.pdf'),
    ('emp08', 'Cybersecurity analyst interested in secure system design.', 'emp08-references.pdf', 'emp08-certificates.pdf'),
    ('emp09', 'Cloud engineer experienced in deployment and monitoring.', 'emp09-references.pdf', 'emp09-certificates.pdf'),
    ('emp10', 'Network technician with systems administration experience.', 'emp10-references.pdf', 'emp10-certificates.pdf'),
    ('emp11', 'Operating-systems programmer with scripting experience.', 'emp11-references.pdf', 'emp11-certificates.pdf'),
    ('emp12', 'Data analyst experienced in dashboards and statistical reporting.', 'emp12-references.pdf', 'emp12-certificates.pdf'),
    ('emp13', 'Embedded-systems developer with hardware integration experience.', 'emp13-references.pdf', 'emp13-certificates.pdf'),
    ('emp14', 'Quality-assurance engineer focused on automated testing.', 'emp14-references.pdf', 'emp14-certificates.pdf'),
    ('emp15', 'Product designer experienced in usability and prototyping.', 'emp15-references.pdf', 'emp15-certificates.pdf'),
    ('emp16', 'Robotics developer with control-systems experience.', 'emp16-references.pdf', 'emp16-certificates.pdf'),
    ('emp17', 'Technical writer experienced in software documentation.', 'emp17-references.pdf', 'emp17-certificates.pdf'),
    ('emp18', 'Research engineer interested in signal processing.', 'emp18-references.pdf', 'emp18-certificates.pdf');

INSERT INTO languages (candid, lang) VALUES
    ('emp01', 'EN'),
    ('emp01', 'GR'),
    ('emp02', 'EN'),
    ('emp02', 'FR'),
    ('emp03', 'EN'),
    ('emp04', 'EN'),
    ('emp04', 'GR'),
    ('emp05', 'EN'),
    ('emp05', 'SP'),
    ('emp06', 'EN'),
    ('emp06', 'GE'),
    ('emp07', 'EN'),
    ('emp07', 'GR'),
    ('emp08', 'EN'),
    ('emp08', 'FR'),
    ('emp08', 'GR'),
    ('emp09', 'EN'),
    ('emp10', 'EN'),
    ('emp10', 'SP'),
    ('emp11', 'EN'),
    ('emp11', 'GR'),
    ('emp12', 'EN'),
    ('emp12', 'GE'),
    ('emp13', 'EN'),
    ('emp13', 'CH'),
    ('emp14', 'EN'),
    ('emp14', 'FR'),
    ('emp15', 'EN'),
    ('emp15', 'GR'),
    ('emp16', 'EN'),
    ('emp16', 'SP'),
    ('emp16', 'GR'),
    ('emp17', 'EN'),
    ('emp18', 'EN'),
    ('emp18', 'GE'),
    ('emp18', 'GR');

INSERT INTO project (candid, num, descr, url) VALUES
    ('emp01', 1, 'Python workflow automation tool', 'https://example.com/projects/emp01-1'),
    ('emp01', 2, 'Internal reporting dashboard', 'https://example.com/projects/emp01-2'),
    ('emp02', 1, 'Accessible portfolio website', 'https://example.com/projects/emp02-1'),
    ('emp02', 2, 'Responsive e-commerce prototype', 'https://example.com/projects/emp02-2'),
    ('emp03', 1, 'Numerical physics simulation', 'https://example.com/projects/emp03-1'),
    ('emp03', 2, 'Scientific data visualisation', 'https://example.com/projects/emp03-2'),
    ('emp04', 1, 'Relational database design project', 'https://example.com/projects/emp04-1'),
    ('emp05', 1, 'Business KPI analysis', 'https://example.com/projects/emp05-1'),
    ('emp06', 1, 'Image classification experiment', 'https://example.com/projects/emp06-1'),
    ('emp07', 1, 'Java inventory service', 'https://example.com/projects/emp07-1'),
    ('emp08', 1, 'Security audit checklist tool', 'https://example.com/projects/emp08-1'),
    ('emp09', 1, 'Containerised demo application', 'https://example.com/projects/emp09-1'),
    ('emp10', 1, 'Network monitoring prototype', 'https://example.com/projects/emp10-1'),
    ('emp11', 1, 'Shell-based system diagnostics', 'https://example.com/projects/emp11-1'),
    ('emp12', 1, 'Sales analytics dashboard', 'https://example.com/projects/emp12-1'),
    ('emp13', 1, 'Microcontroller telemetry system', 'https://example.com/projects/emp13-1'),
    ('emp14', 1, 'Automated regression test suite', 'https://example.com/projects/emp14-1'),
    ('emp15', 1, 'Mobile interface prototype', 'https://example.com/projects/emp15-1'),
    ('emp16', 1, 'Robot path-planning demo', 'https://example.com/projects/emp16-1'),
    ('emp17', 1, 'Developer onboarding guide', 'https://example.com/projects/emp17-1'),
    ('emp18', 1, 'Digital signal filter experiment', 'https://example.com/projects/emp18-1');

INSERT INTO evaluator (username, exp_years, firm) VALUES
    ('eval01', 2, '100000001'),
    ('eval02', 3, '100000001'),
    ('eval03', 4, '100000002'),
    ('eval04', 5, '100000002'),
    ('eval05', 6, '100000003'),
    ('eval06', 7, '100000003'),
    ('eval07', 8, '100000004'),
    ('eval08', 9, '100000004'),
    ('eval09', 2, '100000005'),
    ('eval10', 3, '100000005'),
    ('eval11', 4, '100000006'),
    ('eval12', 5, '100000006'),
    ('eval13', 6, '100000007'),
    ('eval14', 7, '100000007'),
    ('eval15', 8, '100000008'),
    ('eval16', 9, '100000008'),
    ('eval17', 2, '100000009'),
    ('eval18', 3, '100000009');

INSERT INTO job (id, start_date, salary, position, edra, job_evaluator, announce_date, submission_date) VALUES
    (1, CURRENT_DATE + INTERVAL 60 DAY, 2750, 'Web Application Developer', 'Athens', 'eval01', CURRENT_TIMESTAMP - INTERVAL 30 DAY, CURRENT_DATE + INTERVAL 45 DAY),
    (2, CURRENT_DATE + INTERVAL 67 DAY, 3100, 'Python Data Engineer', 'Patras', 'eval03', CURRENT_TIMESTAMP - INTERVAL 30 DAY, CURRENT_DATE + INTERVAL 52 DAY),
    (3, CURRENT_DATE + INTERVAL 74 DAY, 3450, 'Algorithms Specialist', 'Thessaloniki', 'eval05', CURRENT_TIMESTAMP - INTERVAL 30 DAY, CURRENT_DATE + INTERVAL 59 DAY),
    (4, CURRENT_DATE + INTERVAL 81 DAY, 3800, 'Business Analysis Manager', 'Athens', 'eval07', CURRENT_TIMESTAMP - INTERVAL 30 DAY, CURRENT_DATE + INTERVAL 66 DAY),
    (5, CURRENT_DATE + INTERVAL 88 DAY, 4150, 'Database Engineer', 'Heraklion', 'eval09', CURRENT_TIMESTAMP - INTERVAL 30 DAY, CURRENT_DATE + INTERVAL 73 DAY),
    (6, CURRENT_DATE + INTERVAL 95 DAY, 2400, 'Digital Archivist', 'Patras', 'eval11', CURRENT_TIMESTAMP - INTERVAL 30 DAY, CURRENT_DATE + INTERVAL 80 DAY),
    (7, CURRENT_DATE + INTERVAL 102 DAY, 2750, 'Research Physicist', 'Larissa', 'eval13', CURRENT_TIMESTAMP - INTERVAL 30 DAY, CURRENT_DATE + INTERVAL 87 DAY),
    (8, CURRENT_DATE + INTERVAL 109 DAY, 3100, 'Artificial Intelligence Engineer', 'Ioannina', 'eval15', CURRENT_TIMESTAMP - INTERVAL 30 DAY, CURRENT_DATE + INTERVAL 94 DAY),
    (9, CURRENT_DATE + INTERVAL 116 DAY, 3450, 'Java Backend Developer', 'Corfu', 'eval17', CURRENT_TIMESTAMP - INTERVAL 30 DAY, CURRENT_DATE + INTERVAL 101 DAY),
    (10, CURRENT_DATE + INTERVAL 123 DAY, 3800, 'Cloud Platform Engineer', 'Athens', 'eval02', CURRENT_TIMESTAMP - INTERVAL 30 DAY, CURRENT_DATE + INTERVAL 108 DAY),
    (11, CURRENT_DATE + INTERVAL 130 DAY, 4150, 'Systems Support Technician', 'Patras', 'eval04', CURRENT_TIMESTAMP - INTERVAL 30 DAY, CURRENT_DATE + INTERVAL 115 DAY),
    (12, CURRENT_DATE + INTERVAL 137 DAY, 2400, 'Data Analyst', 'Thessaloniki', 'eval06', CURRENT_TIMESTAMP - INTERVAL 30 DAY, CURRENT_DATE + INTERVAL 122 DAY),
    (13, CURRENT_DATE + INTERVAL 144 DAY, 2750, 'Computer Architecture Engineer', 'Athens', 'eval08', CURRENT_TIMESTAMP - INTERVAL 30 DAY, CURRENT_DATE + INTERVAL 129 DAY),
    (14, CURRENT_DATE + INTERVAL 151 DAY, 3100, 'Programming Instructor', 'Heraklion', 'eval10', CURRENT_TIMESTAMP - INTERVAL 30 DAY, CURRENT_DATE + INTERVAL 136 DAY),
    (15, CURRENT_DATE + INTERVAL 158 DAY, 3450, 'Hardware Design Engineer', 'Patras', 'eval12', CURRENT_TIMESTAMP - INTERVAL 30 DAY, CURRENT_DATE + INTERVAL 143 DAY),
    (16, CURRENT_DATE + INTERVAL 165 DAY, 3800, 'Memory Systems Engineer', 'Larissa', 'eval14', CURRENT_TIMESTAMP - INTERVAL 30 DAY, CURRENT_DATE + INTERVAL 150 DAY),
    (17, CURRENT_DATE + INTERVAL 172 DAY, 4150, 'Circuit Analysis Specialist', 'Ioannina', 'eval16', CURRENT_TIMESTAMP - INTERVAL 30 DAY, CURRENT_DATE + INTERVAL 157 DAY),
    (18, CURRENT_DATE + INTERVAL 179 DAY, 2400, 'Chemical Data Analyst', 'Corfu', 'eval18', CURRENT_TIMESTAMP - INTERVAL 30 DAY, CURRENT_DATE + INTERVAL 164 DAY),
    (19, CURRENT_DATE + INTERVAL 186 DAY, 2750, 'Biological Data Analyst', 'Athens', 'eval01', CURRENT_TIMESTAMP - INTERVAL 30 DAY, CURRENT_DATE + INTERVAL 171 DAY),
    (20, CURRENT_DATE + INTERVAL 193 DAY, 3100, 'Machine Learning Specialist', 'Patras', 'eval03', CURRENT_TIMESTAMP - INTERVAL 30 DAY, CURRENT_DATE + INTERVAL 178 DAY),
    (21, CURRENT_DATE + INTERVAL 200 DAY, 3450, 'Cybersecurity Engineer', 'Thessaloniki', 'eval05', CURRENT_TIMESTAMP - INTERVAL 30 DAY, CURRENT_DATE + INTERVAL 185 DAY),
    (22, CURRENT_DATE + INTERVAL 207 DAY, 3800, 'Robotics Engineer', 'Athens', 'eval07', CURRENT_TIMESTAMP - INTERVAL 30 DAY, CURRENT_DATE + INTERVAL 192 DAY),
    (23, CURRENT_DATE + INTERVAL 214 DAY, 4150, 'Computer Technology Specialist', 'Heraklion', 'eval09', CURRENT_TIMESTAMP - INTERVAL 30 DAY, CURRENT_DATE + INTERVAL 199 DAY),
    (24, CURRENT_DATE + INTERVAL 221 DAY, 2400, 'Microchip Design Engineer', 'Patras', 'eval11', CURRENT_TIMESTAMP - INTERVAL 30 DAY, CURRENT_DATE + INTERVAL 206 DAY);

INSERT INTO subject (title, descr, belongs_to) VALUES
    ('Computing', 'General computing and software topics.', NULL),
    ('Data and AI', 'Data management, analytics, and artificial intelligence.', NULL),
    ('Engineering', 'Hardware, networks, robotics, and systems engineering.', NULL),
    ('Science', 'Physics, chemistry, biology, and mathematical sciences.', NULL),
    ('Business', 'Management, organisation, and business analysis.', NULL),
    ('Humanities', 'Languages, arts, and communication.', NULL);

INSERT INTO subject (title, descr, belongs_to) VALUES
    ('Python Programming', 'Programming fundamentals and application development with Python.', 'Computing'),
    ('Database Systems', 'Relational design, SQL, transactions, and database administration.', 'Data and AI'),
    ('Algorithm Design', 'Design and analysis of efficient algorithms.', 'Computing'),
    ('Web Development', 'HTML, CSS, JavaScript, and web application architecture.', 'Computing'),
    ('Artificial Intelligence', 'Core AI concepts and intelligent systems.', 'Data and AI'),
    ('Physics Fundamentals', 'Mechanics, electromagnetism, and modern physics foundations.', 'Science'),
    ('Business Administration', 'Organisation, management, and business operations.', 'Business'),
    ('Art History', 'Historical development and analysis of visual art.', 'Humanities'),
    ('Data Modelling', 'Conceptual, logical, and physical data modelling.', 'Data and AI'),
    ('Cybersecurity', 'Secure systems, threat analysis, and risk management.', 'Computing'),
    ('Computer Architecture', 'Processors, memory, and computer organisation.', 'Engineering'),
    ('Circuit Theory', 'Analysis of electrical circuits and networks.', 'Engineering'),
    ('Advanced Algorithms', 'Advanced algorithmic strategies and complexity.', 'Computing'),
    ('Data Protection', 'Privacy, governance, and protection of information.', 'Data and AI'),
    ('Data Analysis', 'Data preparation, exploration, and reporting.', 'Data and AI'),
    ('Java Programming', 'Object-oriented programming and Java application development.', 'Computing'),
    ('Object-Oriented Programming', 'Classes, inheritance, polymorphism, and design principles.', 'Computing'),
    ('Robotics', 'Robot sensing, control, and path planning.', 'Engineering'),
    ('Project Development', 'Planning, implementation, and documentation of technical projects.', 'Business'),
    ('Mathematics Fundamentals', 'Calculus, linear algebra, and discrete mathematics.', 'Science'),
    ('Technical English', 'Technical vocabulary and professional communication.', 'Humanities'),
    ('Electrical Circuits', 'Electrical components and introductory circuit analysis.', 'Engineering'),
    ('Signals and Systems', 'Continuous and discrete signal analysis.', 'Engineering'),
    ('Theory of Computation', 'Automata, computability, and formal languages.', 'Computing');

INSERT INTO requires (job_id, subject_title) VALUES
    (1, 'Python Programming'),
    (2, 'Database Systems'),
    (3, 'Algorithm Design'),
    (4, 'Web Development'),
    (5, 'Artificial Intelligence'),
    (6, 'Physics Fundamentals'),
    (7, 'Business Administration'),
    (8, 'Art History'),
    (9, 'Data Modelling'),
    (10, 'Cybersecurity'),
    (11, 'Computer Architecture'),
    (12, 'Circuit Theory'),
    (13, 'Advanced Algorithms'),
    (14, 'Data Protection'),
    (15, 'Data Analysis'),
    (16, 'Java Programming'),
    (17, 'Object-Oriented Programming'),
    (18, 'Robotics'),
    (19, 'Project Development'),
    (20, 'Mathematics Fundamentals'),
    (21, 'Technical English'),
    (22, 'Electrical Circuits'),
    (23, 'Signals and Systems'),
    (24, 'Theory of Computation');

INSERT INTO applies (cand_username, job_id) VALUES
    ('emp01', 1),
    ('emp02', 2),
    ('emp03', 3),
    ('emp04', 4),
    ('emp05', 5),
    ('emp06', 6),
    ('emp07', 7),
    ('emp08', 8),
    ('emp09', 9),
    ('emp10', 10),
    ('emp11', 11),
    ('emp12', 12),
    ('emp13', 13),
    ('emp14', 14),
    ('emp15', 15),
    ('emp16', 16),
    ('emp17', 17),
    ('emp18', 18);

INSERT INTO degree (titlos, idryma, bathmida) VALUES
    ('BSc Computer Science', 'Demo University A', 'BSc'),
    ('BSc Physics', 'Demo University B', 'BSc'),
    ('MSc Web Engineering', 'Demo University C', 'MSc'),
    ('PhD Artificial Intelligence', 'Demo University D', 'PhD'),
    ('PhD Business Administration', 'Demo University E', 'PhD'),
    ('BSc Art History', 'Demo University F', 'BSc'),
    ('MSc Digital Marketing', 'Demo University G', 'MSc'),
    ('PhD Astrophysics', 'Demo University H', 'PhD'),
    ('BSc Quantum Engineering', 'Demo University I', 'BSc'),
    ('PhD Data Analytics', 'Demo University J', 'PhD'),
    ('BSc Law', 'Demo University K', 'BSc'),
    ('BSc Medicine', 'Demo University L', 'BSc'),
    ('BSc Physiotherapy', 'Demo University M', 'BSc'),
    ('MSc Computer Science', 'Demo University N', 'MSc'),
    ('MSc Occupational Therapy', 'Demo University O', 'MSc'),
    ('PhD Mathematics', 'Demo University P', 'PhD'),
    ('PhD Criminology', 'Demo University Q', 'PhD'),
    ('BSc Psychology', 'Demo University R', 'BSc');

INSERT INTO has_degree (degr_title, degr_idryma, cand_username, etos, grade) VALUES
    ('BSc Computer Science', 'Demo University A', 'emp01', 2018, 8.2),
    ('MSc Web Engineering', 'Demo University C', 'emp02', 2020, 8.6),
    ('BSc Physics', 'Demo University B', 'emp03', 2017, 8.7),
    ('PhD Artificial Intelligence', 'Demo University D', 'emp06', 2022, 9.1),
    ('PhD Astrophysics', 'Demo University H', 'emp08', 2021, 8.5),
    ('MSc Computer Science', 'Demo University N', 'emp04', 2019, 8.1),
    ('PhD Criminology', 'Demo University Q', 'emp12', 2020, 7.6),
    ('BSc Quantum Engineering', 'Demo University I', 'emp13', 2018, 8.0),
    ('PhD Data Analytics', 'Demo University J', 'emp05', 2022, 8.9),
    ('MSc Occupational Therapy', 'Demo University O', 'emp15', 2019, 8.3),
    ('PhD Mathematics', 'Demo University P', 'emp18', 2021, 7.9),
    ('BSc Psychology', 'Demo University R', 'emp07', 2017, 8.6);

INSERT INTO promotion_request (evaluator1_username, evaluator2_username, employee_username, job_id, status, cancel_date, request_date, evaluation_grade1, evaluation_grade2) VALUES
    ('eval01', 'eval02', 'emp01', 1, 'active', NULL, CURRENT_DATE - INTERVAL 12 DAY, 16, 18),
    ('eval01', 'eval02', 'emp06', 1, 'active', NULL, CURRENT_DATE - INTERVAL 10 DAY, 17, 17),
    ('eval01', 'eval02', 'emp07', 1, 'active', NULL, CURRENT_DATE - INTERVAL 8 DAY, 17, 17),
    ('eval03', 'eval04', 'emp02', 2, 'active', NULL, CURRENT_DATE - INTERVAL 7 DAY, NULL, 14),
    ('eval05', 'eval06', 'emp03', 3, 'active', NULL, CURRENT_DATE - INTERVAL 6 DAY, NULL, NULL),
    ('eval07', 'eval08', 'emp04', 4, 'canceled', CURRENT_DATE - INTERVAL 1 DAY, CURRENT_DATE - INTERVAL 9 DAY, NULL, NULL),
    ('eval09', 'eval10', 'emp05', 5, 'active', NULL, CURRENT_DATE - INTERVAL 5 DAY, 12, 13);

INSERT INTO user_dba (dba_username, start_date, end_date) VALUES
    ('dba01', CURRENT_DATE - INTERVAL 365 DAY, NULL),
    ('dba02', CURRENT_DATE - INTERVAL 180 DAY, NULL);

COMMIT;
